{
    "NB": {
        "train_mean": 2.238268533008894,
        "train_var": 0.2203259290549223,
        "test_mean": 2.941151924723797,
        "test_var": 0.6994037719247526
    },
    "RF": {
        "train_mean": 0.04438916857808167,
        "train_var": 4.195075567698996e-07,
        "test_mean": 0.5754247166720187,
        "test_var": 1.0098526772834568e-08
    },
    "LOG": {
        "train_mean": 0.6994220585149937,
        "train_var": 4.9201277172972954e-05,
        "test_mean": 1.2380667818693682,
        "test_var": 0.0012602349207504935
    }
}{
    "NB": {
        "train_mean": 2.238268533008894,
        "train_var": 0.2203259290549223,
        "test_mean": 2.941151924723797,
        "test_var": 0.6994037719247526
    },
    "RF": {
        "train_mean": 0.04438916857808167,
        "train_var": 4.195075567698996e-07,
        "test_mean": 0.5754247166720187,
        "test_var": 1.0098526772834568e-08
    },
    "LOG": {
        "train_mean": 0.6994220585149937,
        "train_var": 4.9201277172972954e-05,
        "test_mean": 1.2380667818693682,
        "test_var": 0.0012602349207504935
    }
}