{
    "model": "GaussianNBMultitarget Regressor",
    "finish time": "30:01:2026 01:18:07",
    "train_MSE_array": [
        1.2423182233039245,
        1.7094615150593246,
        1.3147246729540614,
        1.196836020687557,
        1.2289321569820506,
        1.8449954365682995,
        2.6816245816854276,
        5.424399148159416,
        5.102829327654396
    ],
    "test_MSE_array": [
        1.8928571428571428,
        2.498299319727891,
        1.7363945578231292,
        1.4710884353741496,
        1.7074829931972788,
        2.7108843537414966,
        3.598639455782313,
        6.659863945578231,
        6.1938775510204085
    ],
    "avg_train_MSE": 2.4162356758949395,
    "avg_test_MSE": 3.163265306122449,
    "cv_fold": 6
}{
    "model": "RandomForestRegressorMultitarget Regressor",
    "finish time": "30:01:2026 01:18:20",
    "train_MSE_array": [
        0.05031613933678119,
        0.04164435655613044,
        0.06693486461819277,
        0.054884879829632166,
        0.055173790690599474,
        0.047465241861879975,
        0.04461002433830293,
        0.031129525403103948,
        0.01380927897779156
    ],
    "test_MSE_array": [
        0.669406462585034,
        0.5707387755102041,
        0.8599147959183674,
        0.6694729591836736,
        0.8199608843537415,
        0.5407394557823129,
        0.5644826530612245,
        0.3710462585034014,
        0.16725391156462588
    ],
    "avg_train_MSE": 0.04510756684582382,
    "avg_test_MSE": 0.581446239606954,
    "cv_fold": 6
}{
    "model": "LogisticRegressionMultitarget Regressor",
    "finish time": "30:01:2026 01:18:28",
    "train_MSE_array": [
        0.9379373288713112,
        0.7596592637663523,
        1.015363553392151,
        0.8754183145725586,
        0.9183145725585641,
        0.8895649528445391,
        0.9278977791299057,
        0.9210526315789473,
        0.7172193489504107
    ],
    "test_MSE_array": [
        1.3333333333333333,
        1.130952380952381,
        1.586734693877551,
        1.1921768707482994,
        1.4625850340136055,
        1.1037414965986394,
        1.1819727891156462,
        1.2789115646258504,
        1.0765306122448979
    ],
    "avg_train_MSE": 0.8847141939627489,
    "avg_test_MSE": 1.2607709750566893,
    "cv_fold": 6
}